id,class
1,4.0
3,6.0
5,5.0
7,5.0
9,6.0
11,6.0
13,5.0
15,6.0
17,5.0
19,6.0
21,6.0
23,4.0
25,4.0
27,6.0
29,6.0
31,5.0
33,5.0
35,6.0
37,6.0
39,4.0
41,6.0
43,6.0
45,5.0
47,4.0
49,6.0
51,3.0
53,3.0
55,6.0
57,0.0
59,6.0
61,6.0
63,0.0
65,6.0
67,5.0
69,6.0
71,6.0
73,6.0
75,6.0
77,4.0
79,3.0
81,6.0
83,6.0
85,5.0
87,5.0
89,6.0
91,6.0
93,6.0
95,5.0
97,6.0
99,3.0
101,4.0
103,4.0
105,6.0
107,6.0
109,4.0
111,6.0
113,6.0
115,6.0
117,5.0
119,3.0
121,5.0
123,5.0
125,6.0
127,6.0
129,6.0
131,5.0
133,4.0
135,6.0
137,6.0
139,6.0
141,1.0
143,5.0
145,4.0
147,6.0
149,6.0
151,5.0
153,6.0
155,5.0
157,3.0
159,5.0
161,6.0
163,6.0
165,6.0
167,5.0
169,6.0
171,5.0
173,6.0
175,6.0
177,0.0
179,6.0
181,6.0
183,5.0
185,6.0
187,6.0
189,5.0
191,6.0
193,4.0
195,5.0
197,5.0
199,4.0
201,4.0
203,6.0
205,5.0
207,5.0
209,5.0
211,3.0
213,5.0
215,5.0
217,4.0
219,6.0
221,6.0
223,4.0
225,4.0
227,6.0
229,2.0
231,5.0
233,6.0
235,6.0
237,6.0
239,6.0
241,5.0
243,4.0
245,4.0
247,6.0
249,5.0
251,6.0
253,6.0
255,6.0
257,3.0
259,6.0
261,6.0
263,5.0
265,5.0
267,4.0
269,6.0
271,3.0
273,5.0
275,5.0
277,6.0
279,6.0
281,5.0
283,5.0
285,6.0
287,4.0
289,5.0
291,6.0
293,3.0
295,6.0
297,6.0
299,6.0
301,5.0
303,5.0
305,5.0
307,6.0
309,3.0
311,5.0
313,6.0
315,6.0
317,5.0
319,6.0
321,6.0
323,6.0
325,4.0
327,5.0
329,5.0
331,5.0
333,6.0
335,6.0
337,5.0
339,1.0
341,6.0
343,6.0
345,6.0
347,5.0
349,5.0
351,6.0
353,6.0
355,5.0
357,6.0
359,4.0
361,6.0
363,6.0
365,6.0
367,5.0
369,3.0
371,3.0
373,6.0
375,0.0
377,5.0
379,6.0
381,6.0
383,1.0
385,5.0
387,6.0
389,6.0
391,3.0
393,6.0
395,4.0
397,3.0
399,5.0
401,4.0
403,6.0
405,6.0
407,5.0
409,3.0
411,3.0
413,6.0
415,5.0
417,6.0
419,5.0
421,6.0
423,6.0
425,6.0
427,3.0
429,5.0
431,4.0
433,6.0
435,6.0
437,5.0
439,6.0
441,6.0
443,4.0
445,5.0
447,4.0
449,5.0
451,5.0
453,3.0
455,6.0
457,5.0
459,6.0
461,5.0
463,6.0
465,5.0
467,2.0
469,5.0
471,3.0
473,5.0
475,0.0
477,4.0
479,6.0
481,6.0
483,6.0
485,6.0
487,3.0
489,5.0
491,4.0
493,4.0
495,6.0
497,6.0
499,6.0
501,6.0
503,6.0
505,6.0
507,4.0
509,4.0
511,6.0
513,6.0
515,6.0
517,6.0
519,3.0
521,4.0
523,5.0
525,5.0
527,6.0
529,6.0
531,4.0
533,6.0
535,6.0
537,6.0
539,3.0
541,3.0
543,5.0
545,4.0
547,5.0
549,5.0
551,5.0
553,6.0
555,3.0
557,6.0
559,3.0
561,5.0
563,6.0
565,4.0
567,6.0
569,4.0
571,4.0
573,3.0
575,5.0
577,4.0
579,4.0
581,3.0
583,2.0
585,6.0
587,6.0
589,5.0
591,5.0
593,6.0
595,6.0
597,5.0
599,3.0
601,6.0
603,6.0
605,6.0
607,5.0
609,6.0
611,5.0
613,5.0
615,3.0
617,3.0
619,6.0
621,5.0
623,6.0
625,5.0
627,6.0
629,6.0
631,6.0
633,5.0
635,3.0
637,6.0
639,6.0
641,4.0
643,5.0
645,6.0
647,5.0
649,6.0
651,5.0
653,6.0
655,6.0
657,6.0
659,6.0
661,4.0
663,6.0
665,3.0
667,6.0
669,5.0
671,6.0
673,6.0
675,5.0
677,6.0
679,4.0
681,6.0
683,3.0
685,4.0
687,3.0
689,1.0
691,3.0
693,6.0
695,6.0
697,6.0
699,6.0
701,6.0
703,5.0
705,5.0
707,5.0
709,4.0
711,0.0
713,6.0
715,6.0
717,5.0
719,3.0
721,4.0
723,5.0
725,6.0
727,6.0
729,6.0
731,5.0
733,6.0
735,2.0
737,3.0
739,4.0
741,3.0
743,6.0
745,5.0
747,6.0
749,3.0
751,5.0
753,6.0
755,5.0
757,4.0
759,5.0
761,5.0
763,4.0
765,4.0
767,6.0
769,0.0
771,1.0
773,1.0
775,5.0
777,4.0
779,5.0
781,1.0
783,6.0
785,6.0
787,6.0
789,4.0
791,5.0
793,5.0
795,0.0
797,5.0
799,6.0
801,1.0
803,5.0
805,5.0
807,4.0
809,6.0
811,5.0
813,3.0
815,5.0
817,6.0
819,4.0
821,3.0
823,5.0
825,5.0
827,6.0
829,5.0
831,5.0
833,0.0
835,5.0
837,6.0
839,3.0
841,6.0
843,6.0
845,6.0
847,6.0
849,3.0
851,6.0
853,5.0
855,6.0
857,5.0
859,3.0
861,6.0
863,5.0
865,3.0
867,5.0
869,5.0
871,6.0
873,3.0
875,5.0
877,6.0
879,0.0
881,5.0
883,3.0
885,5.0
887,5.0
889,6.0
891,4.0
893,6.0
895,3.0
897,3.0
899,6.0
901,6.0
903,4.0
905,6.0
907,6.0
909,5.0
911,4.0
913,6.0
915,6.0
917,6.0
919,6.0
921,6.0
923,6.0
925,5.0
927,2.0
929,6.0
931,6.0
933,5.0
935,5.0
937,6.0
939,4.0
941,6.0
943,5.0
945,3.0
947,5.0
949,3.0
951,5.0
953,6.0
955,6.0
957,5.0
959,6.0
961,5.0
963,6.0
965,3.0
967,6.0
969,5.0
971,5.0
973,4.0
975,6.0
977,6.0
979,5.0
981,6.0
983,6.0
985,6.0
987,5.0
989,2.0
991,5.0
993,6.0
995,6.0
997,6.0
999,6.0
1001,6.0
1003,6.0
1005,4.0
1007,4.0
1009,5.0
1011,6.0
1013,6.0
1015,6.0
1017,1.0
1019,6.0
1021,4.0
1023,3.0
1025,3.0
1027,5.0
1029,6.0
1031,6.0
1033,6.0
1035,6.0
1037,6.0
1039,1.0
1041,6.0
1043,6.0
1045,6.0
1047,3.0
1049,6.0
1051,6.0
1053,4.0
1055,0.0
1057,4.0
1059,5.0
1061,6.0
1063,6.0
1065,5.0
1067,6.0
1069,6.0
1071,6.0
1073,6.0
1075,6.0
1077,6.0
1079,5.0
1081,3.0
1083,6.0
1085,5.0
1087,6.0
1089,3.0
1091,5.0
1093,6.0
1095,6.0
1097,3.0
1099,5.0
1101,4.0
1103,6.0
1105,6.0
1107,5.0
1109,5.0
1111,0.0
1113,5.0
1115,6.0
1117,0.0
1119,5.0
1121,6.0
1123,4.0
1125,6.0
1127,6.0
1129,6.0
1131,6.0
1133,6.0
1135,4.0
1137,5.0
1139,5.0
1141,6.0
1143,5.0
1145,6.0
1147,3.0
1149,6.0
1151,3.0
1153,6.0
1155,3.0
1157,4.0
1159,6.0
1161,6.0
1163,5.0
1165,6.0
1167,5.0
1169,5.0
1171,4.0
1173,6.0
1175,3.0
1177,6.0
1179,6.0
1181,5.0
1183,5.0
1185,2.0
1187,6.0
1189,6.0
1191,6.0
1193,6.0
1195,4.0
1197,6.0
1199,6.0
1201,6.0
1203,6.0
1205,6.0
1207,6.0
1209,3.0
1211,0.0
1213,6.0
1215,3.0
1217,6.0
1219,6.0
1221,6.0
1223,6.0
1225,5.0
1227,0.0
1229,6.0
1231,6.0
1233,5.0
1235,6.0
1237,5.0
1239,3.0
1241,5.0
1243,6.0
1245,3.0
1247,5.0
1249,6.0
1251,6.0
1253,5.0
1255,6.0
1257,3.0
1259,0.0
1261,5.0
1263,6.0
1265,1.0
1267,4.0
1269,5.0
1271,6.0
1273,6.0
1275,6.0
1277,5.0
1279,5.0
1281,5.0
1283,6.0
1285,6.0
1287,5.0
1289,6.0
1291,3.0
1293,5.0
1295,6.0
1297,6.0
1299,6.0
1301,6.0
1303,3.0
1305,6.0
1307,6.0
1309,4.0
1311,5.0
1313,5.0
1315,6.0
1317,5.0
1319,4.0
1321,4.0
1323,6.0
1325,6.0
1327,6.0
1329,6.0
1331,5.0
1333,6.0
1335,6.0
1337,6.0
1339,3.0
1341,0.0
1343,5.0
1345,6.0
1347,5.0
1349,6.0
1351,6.0
1353,2.0
1355,6.0
1357,6.0
1359,6.0
1361,6.0
1363,4.0
1365,3.0
1367,5.0
1369,6.0
1371,6.0
1373,6.0
1375,5.0
1377,6.0
1379,6.0
1381,6.0
1383,5.0
1385,0.0
1387,6.0
1389,5.0
1391,5.0
1393,4.0
1395,3.0
1397,6.0
1399,0.0
1401,6.0
1403,3.0
1405,6.0
1407,5.0
1409,6.0
1411,6.0
1413,5.0
1415,5.0
1417,5.0
1419,6.0
1421,6.0
1423,6.0
1425,5.0
1427,6.0
1429,5.0
1431,6.0
1433,6.0
1435,6.0
1437,3.0
1439,3.0
1441,5.0
1443,6.0
1445,6.0
1447,6.0
1449,6.0
1451,5.0
1453,6.0
1455,6.0
1457,5.0
1459,3.0
1461,4.0
1463,2.0
1465,6.0
1467,5.0
1469,4.0
1471,6.0
1473,6.0
1475,5.0
1477,6.0
1479,6.0
1481,3.0
1483,6.0
1485,6.0
1487,5.0
1489,5.0
1491,6.0
1493,6.0
1495,1.0
1497,5.0
1499,6.0
1501,6.0
1503,5.0
1505,6.0
1507,6.0
1509,5.0
1511,6.0
1513,4.0
1515,6.0
1517,6.0
1519,4.0
1521,6.0
1523,6.0
1525,6.0
1527,3.0
1529,4.0
1531,4.0
1533,6.0
1535,3.0
1537,6.0
1539,6.0
1541,4.0
1543,3.0
1545,6.0
1547,4.0
1549,6.0
1551,6.0
1553,5.0
1555,5.0
1557,6.0
1559,4.0
1561,6.0
1563,3.0
1565,6.0
1567,5.0
1569,5.0
1571,5.0
1573,6.0
1575,6.0
1577,4.0
1579,5.0
1581,3.0
1583,5.0
1585,6.0
1587,6.0
1589,6.0
1591,5.0
1593,5.0
1595,3.0
1597,6.0
1599,4.0
1601,6.0
1603,0.0
1605,6.0
1607,5.0
1609,6.0
1611,5.0
1613,6.0
1615,6.0
1617,5.0
1619,5.0
1621,6.0
1623,3.0
1625,5.0
1627,5.0
1629,6.0
1631,5.0
1633,5.0
1635,5.0
1637,6.0
1639,3.0
1641,1.0
1643,5.0
1645,6.0
1647,5.0
1649,4.0
1651,6.0
1653,6.0
1655,4.0
1657,6.0
1659,4.0
1661,6.0
1663,4.0
1665,6.0
1667,4.0
1669,6.0
1671,4.0
1673,4.0
1675,6.0
1677,6.0
1679,6.0
1681,5.0
1683,6.0
1685,1.0
1687,5.0
1689,6.0
1691,6.0
1693,4.0
1695,6.0
1697,6.0
1699,6.0
1701,6.0
1703,4.0
1705,4.0
1707,6.0
1709,6.0
1711,6.0
1713,5.0
1715,6.0
1717,5.0
1719,6.0
1721,6.0
1723,1.0
1725,6.0
1727,5.0
1729,6.0
1731,3.0
1733,3.0
1735,3.0
1737,4.0
1739,4.0
1741,5.0
1743,5.0
1745,6.0
1747,5.0
1749,5.0
1751,0.0
1753,3.0
1755,6.0
1757,2.0
1759,5.0
1761,4.0
1763,4.0
1765,3.0
1767,6.0
1769,0.0
1771,3.0
1773,5.0
1775,6.0
1777,4.0
1779,6.0
1781,6.0
1783,5.0
1785,6.0
1787,6.0
1789,4.0
1791,4.0
1793,6.0
1795,4.0
1797,6.0
1799,5.0
1801,6.0
1803,6.0
1805,3.0
1807,6.0
1809,4.0
1811,3.0
1813,4.0
1815,6.0
1817,6.0
1819,5.0
1821,6.0
1823,6.0
1825,6.0
1827,6.0
1829,5.0
1831,4.0
1833,5.0
1835,6.0
1837,6.0
1839,6.0
1841,6.0
1843,4.0
1845,6.0
1847,3.0
1849,6.0
1851,5.0
1853,6.0
1855,6.0
1857,6.0
1859,1.0
1861,3.0
1863,6.0
1865,4.0
1867,6.0
1869,5.0
1871,6.0
1873,5.0
1875,6.0
1877,6.0
1879,3.0
1881,6.0
1883,6.0
1885,5.0
1887,6.0
1889,5.0
1891,5.0
1893,6.0
1895,6.0
1897,5.0
1899,3.0
1901,5.0
1903,6.0
1905,6.0
1907,6.0
1909,6.0
1911,6.0
1913,6.0
1915,5.0
1917,5.0
1919,5.0
1921,4.0
1923,5.0
1925,2.0
1927,6.0
1929,6.0
1931,3.0
1933,5.0
1935,4.0
1937,3.0
1939,5.0
1941,6.0
1943,5.0
1945,6.0
1947,4.0
1949,6.0
1951,5.0
1953,6.0
1955,3.0
1957,6.0
1959,6.0
1961,6.0
1963,4.0
1965,6.0
1967,3.0
1969,6.0
1971,3.0
1973,3.0
1975,6.0
1977,3.0
1979,5.0
1981,6.0
1983,5.0
1985,6.0
1987,5.0
1989,6.0
1991,5.0
1993,6.0
1995,6.0
1997,0.0
1999,5.0
2001,6.0
2003,6.0
2005,6.0
2007,6.0
2009,6.0
2011,5.0
2013,6.0
2015,5.0
2017,6.0
2019,5.0
2021,6.0
2023,6.0
2025,3.0
2027,6.0
2029,6.0
2031,4.0
2033,6.0
2035,3.0
2037,6.0
2039,6.0
2041,4.0
2043,6.0
2045,5.0
2047,5.0
2049,6.0
2051,4.0
2053,6.0
2055,3.0
2057,2.0
2059,4.0
2061,6.0
2063,6.0
2065,6.0
2067,4.0
2069,3.0
2071,1.0
2073,5.0
2075,3.0
2077,6.0
2079,6.0
2081,4.0
2083,1.0
2085,3.0
2087,6.0
2089,4.0
2091,6.0
2093,6.0
2095,3.0
2097,5.0
2099,4.0
2101,4.0
2103,6.0
2105,3.0
2107,6.0
2109,6.0
2111,4.0
2113,5.0
2115,6.0
2117,5.0
2119,6.0
2121,5.0
2123,6.0
2125,4.0
2127,6.0
2129,6.0
2131,2.0
2133,5.0
2135,4.0
2137,6.0
2139,6.0
2141,3.0
2143,5.0
2145,3.0
2147,6.0
2149,5.0
2151,4.0
2153,0.0
2155,5.0
2157,6.0
2159,5.0
2161,4.0
2163,3.0
2165,0.0
2167,1.0
2169,1.0
2171,4.0
2173,5.0
2175,1.0
2177,6.0
2179,3.0
2181,3.0
2183,6.0
2185,1.0
2187,4.0
2189,4.0
2191,4.0
2193,2.0
2195,6.0
2197,5.0
2199,6.0
2201,4.0
2203,5.0
2205,4.0
2207,5.0
2209,4.0
2211,3.0
2213,5.0
2215,6.0
2217,6.0
2219,0.0
2221,4.0
2223,3.0
2225,3.0
2227,6.0
2229,5.0
2231,5.0
2233,6.0
2235,0.0
2237,6.0
2239,5.0
2241,3.0
2243,6.0
2245,5.0
2247,4.0
2249,6.0
2251,3.0
2253,4.0
2255,3.0
2257,4.0
2259,3.0
2261,5.0
2263,5.0
2265,5.0
2267,3.0
2269,3.0
2271,4.0
2273,5.0
2275,6.0
2277,5.0
2279,5.0
2281,6.0
2283,4.0
2285,6.0
2287,2.0
2289,1.0
2291,6.0
2293,6.0
2295,6.0
2297,2.0
2299,3.0
2301,6.0
2303,6.0
2305,3.0
2307,5.0
2309,6.0
2311,5.0
2313,5.0
2315,6.0
2317,6.0
2319,4.0
2321,4.0
2323,5.0
2325,3.0
2327,5.0
2329,6.0
2331,2.0
2333,5.0
2335,4.0
2337,3.0
2339,4.0
2341,3.0
2343,5.0
2345,4.0
2347,6.0
2349,6.0
2351,3.0
2353,6.0
2355,0.0
2357,5.0
2359,5.0
2361,4.0
2363,6.0
2365,3.0
2367,5.0
2369,1.0
2371,6.0
2373,5.0
2375,5.0
2377,4.0
2379,4.0
2381,6.0
2383,1.0
2385,6.0
2387,4.0
2389,3.0
2391,4.0
2393,5.0
2395,5.0
2397,3.0
2399,4.0
2401,4.0
2403,2.0
2405,6.0
2407,6.0
2409,5.0
2411,3.0
2413,3.0
2415,0.0
2417,4.0
2419,0.0
2421,4.0
2423,0.0
2425,6.0
2427,6.0
2429,3.0
2431,0.0
2433,4.0
2435,3.0
2437,6.0
2439,6.0
2441,3.0
2443,5.0
2445,3.0
2447,6.0
2449,4.0
2451,4.0
2453,6.0
2455,2.0
2457,5.0
2459,3.0
2461,4.0
2463,4.0
2465,3.0
2467,3.0
2469,3.0
2471,6.0
2473,4.0
2475,4.0
2477,5.0
2479,4.0
2481,5.0
2483,4.0
2485,6.0
2487,2.0
2489,4.0
2491,6.0
2493,5.0
2495,3.0
2497,3.0
2499,0.0
2501,6.0
2503,5.0
2505,1.0
2507,6.0
2509,5.0
2511,5.0
2513,6.0
2515,6.0
2517,6.0
2519,2.0
2521,6.0
2523,3.0
2525,3.0
2527,3.0
2529,2.0
2531,5.0
2533,0.0
2535,4.0
2537,6.0
2539,6.0
2541,3.0
2543,5.0
2545,6.0
2547,3.0
2549,3.0
2551,5.0
2553,4.0
2555,4.0
2557,5.0
2559,1.0
2561,5.0
2563,6.0
2565,5.0
2567,5.0
2569,4.0
2571,5.0
2573,0.0
2575,4.0
2577,5.0
2579,5.0
2581,3.0
2583,4.0
2585,5.0
2587,4.0
2589,3.0
2591,6.0
2593,3.0
2595,3.0
2597,6.0
2599,6.0
2601,5.0
2603,5.0
2605,2.0
2607,3.0
2609,5.0
2611,4.0
2613,3.0
2615,3.0
2617,5.0
2619,6.0
2621,5.0
2623,6.0
2625,4.0
2627,5.0
2629,4.0
2631,3.0
2633,3.0
2635,0.0
2637,3.0
2639,4.0
2641,5.0
2643,6.0
2645,3.0
2647,0.0
2649,5.0
2651,6.0
2653,5.0
2655,4.0
2657,4.0
2659,6.0
2661,3.0
2663,1.0
2665,4.0
2667,4.0
2669,5.0
2671,2.0
2673,2.0
2675,5.0
2677,5.0
2679,3.0
2681,4.0
2683,3.0
2685,6.0
2687,5.0
2689,4.0
2691,4.0
2693,6.0
2695,5.0
2697,4.0
2699,5.0
2701,3.0
2703,3.0
2705,6.0
2707,4.0
2709,3.0
2711,6.0
2713,4.0
2715,5.0
2717,4.0
2719,5.0
2721,4.0
2723,6.0
2725,5.0
2727,6.0
2729,3.0
2731,6.0
2733,5.0
2735,4.0
2737,3.0
2739,5.0
2741,3.0
2743,6.0
2745,4.0
2747,4.0
2749,3.0
2751,3.0
2753,1.0
2755,3.0
2757,4.0
2759,3.0
2761,3.0
2763,4.0
2765,3.0
2767,6.0
2769,3.0
2771,4.0
2773,5.0
2775,6.0
2777,3.0
2779,3.0
2781,3.0
2783,3.0
2785,4.0
2787,5.0
2789,4.0
2791,5.0
2793,4.0
2795,5.0
2797,6.0
2799,5.0
2801,0.0
2803,4.0
2805,6.0
2807,5.0
2809,5.0
2811,6.0
2813,5.0
2815,5.0
2817,3.0
2819,4.0
2821,3.0
2823,3.0
2825,4.0
2827,4.0
2829,3.0
2831,3.0
2833,1.0
2835,3.0
2837,2.0
2839,3.0
2841,4.0
2843,4.0
2845,3.0
2847,3.0
2849,4.0
2851,3.0
2853,3.0
2855,3.0
2857,3.0
2859,2.0
2861,4.0
2863,3.0
2865,4.0
2867,3.0
2869,3.0
2871,3.0
2873,4.0
2875,1.0
2877,0.0
2879,4.0
2881,0.0
2883,0.0
2885,3.0
2887,3.0
2889,4.0
2891,4.0
2893,4.0
2895,3.0
2897,3.0
2899,3.0
2901,3.0
2903,3.0
2905,4.0
2907,4.0
2909,4.0
2911,1.0
2913,3.0
2915,4.0
2917,4.0
2919,3.0
2921,4.0
2923,4.0
2925,2.0
2927,1.0
2929,4.0
2931,4.0
2933,3.0
2935,3.0
2937,3.0
2939,3.0
2941,2.0
2943,3.0
2945,3.0
2947,4.0
2949,5.0
2951,4.0
2953,4.0
2955,4.0
2957,3.0
2959,3.0
2961,3.0
2963,3.0
2965,4.0
2967,2.0
2969,4.0
2971,4.0
2973,4.0
2975,4.0
2977,4.0
2979,4.0
2981,3.0
2983,4.0
2985,3.0
2987,3.0
2989,0.0
2991,4.0
2993,0.0
2995,3.0
2997,4.0
2999,2.0
3001,3.0
3003,3.0
3005,3.0
3007,4.0
3009,3.0
3011,4.0
3013,4.0
3015,3.0
3017,4.0
3019,3.0
3021,0.0
3023,3.0
3025,3.0
3027,3.0
3029,4.0
3031,1.0
3033,1.0
3035,4.0
3037,1.0
3039,3.0
3041,3.0
3043,4.0
3045,3.0
3047,1.0
3049,3.0
3051,3.0
3053,4.0
3055,4.0
3057,3.0
3059,1.0
3061,1.0
3063,3.0
3065,4.0
3067,1.0
3069,3.0
3071,3.0
3073,3.0
3075,1.0
3077,4.0
3079,2.0
3081,2.0
3083,4.0
3085,4.0
3087,4.0
3089,3.0
3091,4.0
3093,4.0
3095,3.0
3097,3.0
3099,3.0
3101,4.0
3103,4.0
3105,0.0
3107,3.0
3109,0.0
3111,3.0
3113,2.0
3115,3.0
3117,3.0
3119,3.0
3121,3.0
3123,3.0
3125,4.0
3127,3.0
3129,3.0
3131,3.0
3133,3.0
3135,3.0
3137,0.0
3139,1.0
3141,3.0
3143,3.0
3145,4.0
3147,4.0
3149,3.0
3151,3.0
3153,3.0
3155,1.0
3157,1.0
3159,3.0
3161,1.0
3163,3.0
3165,5.0
3167,4.0
3169,4.0
3171,5.0
3173,3.0
3175,0.0
3177,0.0
3179,4.0
3181,4.0
3183,4.0
3185,3.0
3187,4.0
3189,4.0
3191,1.0
3193,4.0
3195,4.0
3197,3.0
3199,3.0
3201,4.0
3203,3.0
3205,4.0
3207,0.0
3209,3.0
3211,0.0
3213,3.0
3215,3.0
3217,4.0
3219,3.0
3221,3.0
3223,4.0
3225,3.0
3227,4.0
3229,3.0
3231,4.0
3233,3.0
3235,2.0
3237,3.0
3239,3.0
3241,3.0
3243,1.0
3245,4.0
3247,4.0
3249,3.0
3251,4.0
3253,4.0
3255,1.0
3257,4.0
3259,3.0
3261,0.0
3263,0.0
3265,4.0
3267,3.0
3269,1.0
3271,3.0
3273,4.0
3275,3.0
3277,4.0
3279,3.0
3281,4.0
3283,3.0
3285,4.0
3287,4.0
3289,0.0
3291,3.0
3293,4.0
3295,3.0
3297,2.0
3299,3.0
3301,3.0
3303,3.0
3305,4.0
3307,3.0
3309,4.0
3311,4.0
3313,2.0
3315,4.0
3317,1.0
3319,1.0
3321,2.0
3323,3.0
3325,3.0
3327,4.0
3329,3.0
3331,3.0
3333,0.0
3335,4.0
3337,3.0
3339,3.0
3341,5.0
3343,4.0
3345,3.0
3347,3.0
3349,4.0
3351,4.0
3353,4.0
3355,3.0
3357,4.0
3359,4.0
3361,4.0
3363,3.0
3365,4.0
3367,4.0
3369,4.0
3371,4.0
3373,4.0
3375,4.0
3377,3.0
3379,3.0
3381,3.0
3383,1.0
3385,3.0
3387,1.0
3389,4.0
3391,3.0
3393,4.0
3395,4.0
3397,3.0
3399,4.0
3401,4.0
3403,5.0
3405,3.0
3407,3.0
3409,4.0
3411,3.0
3413,1.0
3415,1.0
3417,2.0
3419,4.0
3421,1.0
3423,3.0
3425,3.0
3427,3.0
3429,4.0
3431,4.0
3433,4.0
3435,4.0
3437,3.0
3439,3.0
3441,3.0
3443,4.0
3445,3.0
3447,1.0
3449,4.0
3451,5.0
3453,3.0
3455,4.0
3457,3.0
3459,3.0
3461,3.0
3463,3.0
3465,3.0
3467,0.0
3469,3.0
3471,5.0
3473,3.0
3475,3.0
3477,0.0
3479,4.0
3481,5.0
3483,3.0
3485,3.0
3487,4.0
3489,3.0
3491,3.0
3493,4.0
3495,3.0
3497,2.0
3499,1.0
3501,1.0
3503,3.0
3505,1.0
3507,3.0
3509,2.0
3511,0.0
3513,1.0
3515,4.0
3517,3.0
3519,3.0
3521,0.0
3523,3.0
3525,3.0
3527,3.0
3529,3.0
3531,3.0
3533,4.0
3535,3.0
3537,3.0
3539,2.0
3541,4.0
3543,3.0
3545,4.0
3547,3.0
3549,3.0
3551,3.0
3553,3.0
3555,3.0
3557,4.0
3559,3.0
3561,4.0
3563,3.0
3565,4.0
3567,5.0
3569,3.0
3571,4.0
3573,4.0
3575,3.0
3577,5.0
3579,4.0
3581,3.0
3583,1.0
3585,4.0
3587,4.0
3589,1.0
3591,4.0
3593,3.0
3595,3.0
3597,3.0
3599,4.0
3601,1.0
3603,3.0
3605,3.0
3607,3.0
3609,4.0
3611,3.0
3613,3.0
3615,4.0
3617,0.0
3619,3.0
3621,3.0
3623,3.0
3625,4.0
3627,1.0
3629,3.0
3631,4.0
3633,3.0
3635,4.0
3637,4.0
3639,4.0
3641,3.0
3643,3.0
3645,3.0
3647,1.0
3649,3.0
3651,4.0
3653,4.0
3655,1.0
3657,4.0
3659,4.0
3661,3.0
3663,4.0
3665,4.0
3667,4.0
3669,3.0
3671,4.0
3673,3.0
3675,4.0
3677,4.0
3679,4.0
3681,0.0
3683,4.0
3685,4.0
3687,4.0
3689,4.0
3691,1.0
3693,3.0
3695,4.0
3697,4.0
3699,4.0
3701,1.0
3703,1.0
3705,3.0
3707,1.0
3709,5.0
3711,0.0
3713,3.0
3715,4.0
3717,3.0
3719,3.0
3721,3.0
3723,1.0
3725,4.0
3727,4.0
3729,3.0
3731,3.0
3733,4.0
3735,3.0
3737,5.0
3739,1.0
3741,3.0
3743,3.0
3745,3.0
3747,1.0
3749,3.0
3751,4.0
3753,3.0
3755,3.0
3757,3.0
3759,3.0
3761,3.0
3763,4.0
3765,4.0
3767,1.0
3769,3.0
3771,3.0
3773,1.0
3775,3.0
3777,3.0
3779,4.0
3781,1.0
3783,4.0
3785,0.0
3787,4.0
3789,0.0
3791,4.0
3793,3.0
3795,3.0
3797,1.0
3799,5.0
3801,2.0
3803,3.0
3805,3.0
3807,1.0
3809,3.0
3811,3.0
3813,3.0
3815,5.0
3817,4.0
3819,0.0
3821,3.0
3823,3.0
3825,3.0
3827,4.0
3829,6.0
3831,5.0
3833,3.0
3835,1.0
3837,5.0
3839,0.0
3841,0.0
3843,1.0
3845,1.0
3847,4.0
3849,4.0
3851,4.0
3853,3.0
3855,3.0
3857,3.0
3859,3.0
3861,0.0
3863,3.0
3865,5.0
3867,3.0
3869,3.0
3871,3.0
3873,0.0
3875,4.0
3877,3.0
3879,5.0
3881,4.0
3883,4.0
3885,4.0
3887,3.0
3889,3.0
3891,3.0
3893,4.0
3895,4.0
3897,3.0
3899,3.0
3901,4.0
3903,1.0
3905,4.0
3907,2.0
3909,1.0
3911,3.0
3913,0.0
3915,3.0
3917,3.0
3919,0.0
3921,2.0
3923,3.0
3925,3.0
3927,1.0
3929,4.0
3931,2.0
3933,3.0
3935,3.0
3937,3.0
3939,3.0
3941,4.0
3943,4.0
3945,4.0
3947,3.0
3949,0.0
3951,3.0
3953,3.0
3955,3.0
3957,4.0
3959,1.0
3961,3.0
3963,4.0
3965,3.0
3967,4.0
3969,5.0
3971,3.0
3973,3.0
3975,4.0
3977,1.0
3979,0.0
3981,1.0
3983,3.0
3985,5.0
3987,1.0
3989,5.0
3991,4.0
3993,6.0
3995,4.0
3997,3.0
3999,5.0
4001,4.0
4003,3.0
4005,1.0
4007,3.0
4009,3.0
4011,4.0
4013,3.0
4015,4.0
4017,3.0
4019,4.0
4021,3.0
4023,2.0
4025,3.0
4027,5.0
4029,3.0
4031,4.0
4033,4.0
4035,4.0
4037,3.0
4039,3.0
4041,3.0
4043,3.0
4045,1.0
4047,3.0
4049,3.0
4051,4.0
4053,3.0
4055,1.0
4057,3.0
4059,3.0
4061,4.0
4063,0.0
4065,3.0
4067,3.0
4069,4.0
4071,3.0
4073,3.0
4075,4.0
4077,4.0
4079,2.0
4081,3.0
4083,4.0
4085,0.0
4087,3.0
4089,3.0
4091,3.0
4093,3.0
4095,3.0
4097,3.0
4099,3.0
4101,3.0
4103,4.0
4105,3.0
4107,1.0
4109,0.0
4111,3.0
4113,3.0
4115,4.0
4117,3.0
4119,3.0
4121,1.0
4123,3.0
4125,3.0
4127,3.0
4129,4.0
4131,3.0
4133,3.0
4135,5.0
4137,3.0
4139,4.0
4141,3.0
4143,3.0
4145,3.0
4147,4.0
4149,4.0
4151,4.0
4153,4.0
4155,1.0
4157,5.0
4159,4.0
4161,0.0
4163,3.0
4165,0.0
4167,4.0
4169,4.0
4171,3.0
4173,4.0
4175,3.0
4177,4.0
4179,4.0
4181,3.0
4183,3.0
4185,3.0
4187,4.0
4189,0.0
4191,4.0
4193,3.0
4195,3.0
4197,3.0
4199,3.0
4201,3.0
4203,4.0
4205,4.0
4207,4.0
4209,3.0
4211,3.0
4213,4.0
4215,3.0
4217,3.0
4219,3.0
4221,4.0
4223,2.0
4225,4.0
4227,3.0
4229,4.0
4231,4.0
4233,3.0
4235,3.0
4237,3.0
4239,0.0
4241,3.0
4243,3.0
4245,3.0
4247,4.0
4249,3.0
4251,4.0
4253,3.0
4255,4.0
4257,1.0
4259,2.0
4261,0.0
4263,4.0
4265,3.0
4267,4.0
4269,3.0
4271,1.0
4273,3.0
4275,4.0
4277,4.0
4279,4.0
4281,2.0
4283,3.0
4285,3.0
4287,3.0
4289,3.0
4291,4.0
4293,3.0
4295,3.0
4297,4.0
4299,1.0
4301,4.0
4303,0.0
4305,3.0
4307,4.0
4309,3.0
4311,3.0
4313,0.0
4315,2.0
4317,4.0
4319,4.0
4321,3.0
4323,4.0
4325,3.0
4327,4.0
4329,4.0
4331,0.0
4333,4.0
4335,3.0
4337,3.0
4339,3.0
4341,1.0
4343,3.0
4345,4.0
4347,3.0
4349,4.0
4351,6.0
4353,4.0
4355,4.0
4357,4.0
4359,4.0
4361,2.0
4363,0.0
4365,1.0
4367,5.0
4369,0.0
4371,3.0
4373,4.0
4375,3.0
4377,3.0
4379,4.0
4381,3.0
4383,2.0
4385,2.0
4387,3.0
4389,3.0
4391,0.0
4393,4.0
4395,5.0
4397,3.0
4399,1.0
4401,3.0
4403,4.0
4405,4.0
4407,1.0
4409,1.0
4411,4.0
4413,1.0
4415,4.0
4417,3.0
4419,3.0
4421,4.0
4423,4.0
4425,4.0
4427,3.0
4429,2.0
4431,3.0
4433,3.0
4435,3.0
4437,1.0
4439,1.0
4441,3.0
4443,3.0
4445,1.0
4447,1.0
4449,3.0
4451,3.0
4453,3.0
4455,3.0
4457,2.0
4459,4.0
4461,5.0
4463,4.0
4465,3.0
4467,0.0
4469,3.0
4471,3.0
4473,0.0
4475,3.0
4477,3.0
4479,4.0
4481,5.0
4483,3.0
4485,4.0
4487,3.0
4489,4.0
4491,3.0
4493,1.0
4495,3.0
4497,3.0
4499,3.0
4501,4.0
4503,3.0
4505,0.0
4507,3.0
4509,3.0
4511,3.0
4513,3.0
4515,3.0
4517,1.0
4519,3.0
4521,4.0
4523,2.0
4525,1.0
4527,3.0
4529,3.0
4531,3.0
4533,5.0
4535,0.0
4537,4.0
4539,1.0
4541,2.0
4543,3.0
4545,4.0
4547,4.0
4549,4.0
4551,3.0
4553,3.0
4555,3.0
4557,3.0
4559,3.0
4561,3.0
4563,4.0
4565,3.0
4567,4.0
4569,3.0
4571,2.0
4573,4.0
4575,3.0
4577,4.0
4579,4.0
4581,5.0
4583,4.0
4585,4.0
4587,4.0
4589,3.0
4591,4.0
4593,3.0
4595,4.0
4597,3.0
4599,3.0
4601,1.0
4603,4.0
4605,3.0
4607,3.0
4609,4.0
4611,4.0
4613,4.0
4615,3.0
4617,3.0
4619,4.0
4621,3.0
4623,0.0
4625,4.0
4627,1.0
4629,4.0
4631,3.0
4633,4.0
4635,3.0
4637,3.0
4639,4.0
4641,4.0
4643,1.0
4645,4.0
4647,4.0
4649,0.0
4651,4.0
4653,3.0
4655,0.0
4657,3.0
4659,4.0
4661,4.0
4663,3.0
4665,3.0
4667,3.0
4669,4.0
4671,0.0
4673,4.0
4675,3.0
4677,3.0
4679,4.0
4681,3.0
4683,3.0
4685,4.0
4687,3.0
4689,4.0
4691,1.0
4693,3.0
4695,1.0
4697,5.0
4699,3.0
4701,3.0
4703,4.0
4705,4.0
4707,4.0
4709,4.0
4711,6.0
4713,1.0
4715,4.0
4717,0.0
4719,3.0
4721,3.0
4723,3.0
4725,3.0
4727,3.0
4729,4.0
4731,3.0
4733,1.0
4735,3.0
4737,3.0
4739,0.0
4741,2.0
4743,0.0
4745,3.0
4747,3.0
4749,3.0
4751,2.0
4753,3.0
4755,4.0
4757,4.0
4759,3.0
4761,0.0
4763,0.0
4765,3.0
4767,4.0
4769,3.0
4771,1.0
4773,4.0
4775,3.0
4777,3.0
4779,1.0
4781,3.0
4783,3.0
4785,2.0
4787,1.0
4789,4.0
4791,3.0
4793,3.0
4795,1.0
4797,3.0
4799,5.0
4801,4.0
4803,4.0
4805,0.0
4807,0.0
4809,3.0
4811,3.0
4813,3.0
4815,4.0
4817,3.0
4819,1.0
4821,3.0
4823,1.0
4825,3.0
4827,4.0
4829,3.0
4831,3.0
4833,3.0
4835,4.0
4837,2.0
4839,4.0
4841,3.0
4843,3.0
4845,4.0
4847,4.0
4849,1.0
4851,1.0
4853,4.0
4855,4.0
4857,1.0
4859,3.0
4861,3.0
4863,4.0
4865,3.0
4867,2.0
4869,0.0
4871,3.0
4873,4.0
4875,4.0
4877,3.0
4879,3.0
4881,3.0
4883,1.0
4885,3.0
4887,3.0
4889,5.0
4891,4.0
4893,4.0
4895,0.0
4897,4.0
4899,2.0
4901,3.0
4903,3.0
4905,5.0
4907,3.0
4909,4.0
4911,3.0
4913,4.0
4915,3.0
4917,4.0
4919,4.0
4921,4.0
4923,4.0
4925,4.0
4927,1.0
4929,2.0
4931,3.0
4933,3.0
4935,4.0
4937,4.0
4939,1.0
4941,1.0
4943,3.0
4945,3.0
4947,4.0
4949,0.0
4951,4.0
4953,3.0
4955,5.0
4957,4.0
4959,4.0
4961,1.0
4963,1.0
4965,4.0
4967,4.0
4969,0.0
4971,3.0
4973,3.0
4975,3.0
4977,3.0
4979,3.0
4981,4.0
4983,4.0
4985,3.0
4987,3.0
4989,4.0
4991,3.0
4993,0.0
4995,3.0
4997,3.0
4999,3.0
5001,4.0
5003,1.0
5005,3.0
5007,4.0
5009,3.0
5011,3.0
5013,4.0
5015,4.0
5017,0.0
5019,1.0
5021,1.0
5023,4.0
5025,3.0
5027,3.0
5029,3.0
5031,3.0
5033,4.0
5035,4.0
5037,3.0
5039,3.0
5041,4.0
5043,4.0
5045,3.0
5047,4.0
5049,5.0
5051,4.0
5053,2.0
5055,1.0
5057,3.0
5059,3.0
5061,0.0
5063,3.0
5065,3.0
5067,4.0
5069,3.0
5071,2.0
5073,3.0
5075,4.0
5077,3.0
5079,0.0
5081,5.0
5083,4.0
5085,3.0
5087,3.0
5089,4.0
5091,4.0
5093,4.0
5095,4.0
5097,4.0
5099,4.0
5101,4.0
5103,1.0
5105,1.0
5107,1.0
5109,4.0
5111,4.0
5113,0.0
5115,4.0
5117,4.0
5119,4.0
5121,4.0
5123,4.0
5125,4.0
5127,2.0
5129,4.0
5131,4.0
5133,4.0
5135,4.0
5137,0.0
5139,0.0
5141,0.0
5143,1.0
5145,4.0
5147,1.0
5149,2.0
5151,4.0
5153,0.0
5155,4.0
5157,4.0
5159,4.0
5161,1.0
5163,4.0
5165,4.0
5167,1.0
5169,4.0
5171,4.0
5173,4.0
5175,4.0
5177,4.0
5179,4.0
5181,4.0
5183,4.0
5185,1.0
5187,4.0
5189,4.0
5191,4.0
5193,4.0
5195,4.0
5197,4.0
5199,4.0
5201,1.0
5203,4.0
5205,2.0
5207,0.0
5209,0.0
5211,2.0
5213,1.0
5215,0.0
5217,1.0
5219,1.0
5221,2.0
5223,4.0
5225,2.0
5227,1.0
5229,4.0
5231,4.0
5233,4.0
5235,1.0
5237,4.0
5239,2.0
5241,4.0
5243,4.0
5245,4.0
5247,0.0
5249,2.0
5251,2.0
5253,1.0
5255,0.0
5257,4.0
5259,0.0
5261,4.0
5263,4.0
5265,4.0
5267,4.0
5269,4.0
5271,1.0
5273,4.0
5275,5.0
5277,0.0
5279,4.0
5281,5.0
5283,1.0
5285,1.0
5287,4.0
5289,4.0
5291,0.0
5293,4.0
5295,4.0
5297,6.0
5299,4.0
5301,4.0
5303,2.0
5305,4.0
5307,1.0
5309,0.0
5311,2.0
5313,1.0
5315,1.0
5317,2.0
5319,2.0
5321,1.0
5323,4.0
5325,1.0
5327,1.0
5329,0.0
5331,4.0
5333,0.0
5335,0.0
5337,1.0
5339,1.0
5341,0.0
5343,0.0
5345,0.0
5347,2.0
5349,0.0
5351,0.0
5353,2.0
5355,2.0
5357,0.0
5359,0.0
5361,1.0
5363,2.0
5365,1.0
5367,1.0
5369,2.0
5371,1.0
5373,0.0
5375,1.0
5377,0.0
5379,0.0
5381,1.0
5383,1.0
5385,1.0
5387,2.0
5389,0.0
5391,0.0
5393,0.0
5395,0.0
5397,0.0
5399,4.0
5401,1.0
5403,0.0
5405,1.0
5407,4.0
5409,0.0
5411,2.0
5413,0.0
5415,0.0
5417,1.0
5419,1.0
5421,1.0
5423,1.0
5425,0.0
5427,1.0
5429,2.0
5431,2.0
5433,0.0
5435,1.0
5437,0.0
5439,2.0
5441,2.0
5443,1.0
5445,1.0
5447,2.0
5449,0.0
5451,1.0
5453,1.0
5455,1.0
5457,1.0
5459,2.0
5461,2.0
5463,1.0
5465,0.0
5467,1.0
5469,0.0
5471,4.0
5473,4.0
5475,0.0
5477,1.0
5479,0.0
5481,0.0
5483,1.0
5485,1.0
5487,0.0
5489,1.0
5491,0.0
5493,0.0
5495,0.0
5497,0.0
5499,2.0
5501,0.0
5503,2.0
5505,1.0
5507,1.0
5509,0.0
5511,2.0
5513,2.0
5515,0.0
5517,2.0
5519,1.0
5521,2.0
5523,1.0
5525,1.0
5527,0.0
5529,0.0
5531,2.0
5533,4.0
5535,0.0
5537,4.0
5539,1.0
5541,1.0
5543,0.0
5545,0.0
5547,0.0
5549,1.0
5551,2.0
5553,1.0
5555,1.0
5557,0.0
5559,1.0
5561,0.0
5563,0.0
5565,0.0
5567,1.0
5569,2.0
5571,0.0
5573,4.0
5575,1.0
5577,0.0
5579,0.0
5581,1.0
5583,0.0
5585,0.0
5587,1.0
5589,0.0
5591,0.0
5593,1.0
5595,0.0
5597,1.0
5599,2.0
5601,0.0
5603,1.0
5605,2.0
5607,2.0
5609,1.0
5611,2.0
5613,1.0
5615,2.0
5617,0.0
5619,0.0
5621,0.0
5623,1.0
5625,1.0
5627,2.0
5629,2.0
5631,0.0
5633,2.0
5635,2.0
5637,0.0
5639,2.0
5641,2.0
5643,1.0
5645,1.0
5647,4.0
5649,0.0
5651,2.0
5653,1.0
5655,2.0
5657,0.0
5659,0.0
5661,1.0
5663,1.0
5665,1.0
5667,2.0
5669,1.0
5671,0.0
5673,1.0
5675,2.0
5677,0.0
5679,1.0
5681,1.0
5683,1.0
5685,1.0
5687,0.0
5689,0.0
5691,1.0
5693,0.0
5695,0.0
5697,0.0
5699,0.0
5701,0.0
5703,2.0
5705,2.0
5707,0.0
5709,2.0
5711,0.0
5713,0.0
5715,2.0
5717,1.0
5719,0.0
5721,2.0
5723,1.0
5725,1.0
5727,0.0
5729,1.0
5731,1.0
5733,1.0
5735,1.0
5737,1.0
5739,2.0
5741,1.0
5743,2.0
5745,1.0
5747,0.0
5749,0.0
5751,1.0
5753,1.0
5755,2.0
5757,2.0
5759,0.0
5761,1.0
5763,1.0
5765,1.0
5767,0.0
5769,1.0
5771,0.0
5773,0.0
5775,4.0
5777,0.0
5779,0.0
5781,1.0
5783,0.0
5785,0.0
5787,0.0
5789,1.0
5791,0.0
5793,0.0
5795,1.0
5797,2.0
5799,0.0
5801,1.0
5803,0.0
5805,0.0
5807,2.0
5809,1.0
5811,0.0
5813,2.0
5815,2.0
5817,1.0
5819,4.0
5821,0.0
5823,1.0
5825,2.0
5827,2.0
5829,1.0
5831,0.0
5833,1.0
5835,1.0
5837,1.0
5839,1.0
5841,0.0
5843,0.0
5845,0.0
5847,1.0
5849,0.0
5851,2.0
5853,0.0
5855,1.0
5857,1.0
5859,1.0
5861,0.0
5863,1.0
5865,0.0
5867,1.0
5869,2.0
5871,0.0
5873,1.0
5875,2.0
5877,0.0
5879,1.0
5881,1.0
5883,1.0
5885,1.0
5887,4.0
5889,0.0
5891,4.0
5893,1.0
5895,2.0
5897,0.0
5899,0.0
5901,0.0
5903,0.0
5905,2.0
5907,2.0
5909,1.0
5911,0.0
5913,1.0
5915,1.0
5917,2.0
5919,1.0
5921,1.0
5923,0.0
5925,2.0
5927,0.0
5929,1.0
5931,0.0
5933,1.0
5935,0.0
5937,2.0
5939,0.0
5941,0.0
5943,0.0
5945,1.0
5947,1.0
5949,1.0
5951,2.0
5953,0.0
5955,1.0
5957,0.0
5959,2.0
5961,1.0
5963,2.0
5965,1.0
5967,1.0
5969,0.0
5971,0.0
5973,1.0
5975,0.0
5977,1.0
5979,0.0
5981,1.0
5983,1.0
5985,1.0
5987,0.0
5989,4.0
5991,0.0
5993,0.0
5995,0.0
5997,0.0
5999,0.0
6001,1.0
6003,1.0
6005,1.0
6007,4.0
6009,2.0
6011,2.0
6013,1.0
6015,2.0
6017,2.0
6019,0.0
6021,1.0
6023,0.0
6025,1.0
6027,4.0
6029,1.0
6031,0.0
6033,0.0
6035,0.0
6037,4.0
6039,0.0
6041,0.0
6043,0.0
6045,1.0
6047,0.0
6049,0.0
6051,2.0
6053,0.0
6055,2.0
6057,0.0
6059,2.0
6061,0.0
6063,0.0
6065,2.0
6067,2.0
6069,1.0
6071,0.0
6073,1.0
6075,0.0
6077,1.0
6079,0.0
6081,0.0
6083,0.0
6085,1.0
6087,0.0
6089,2.0
6091,0.0
6093,1.0
6095,0.0
6097,2.0
6099,0.0
6101,1.0
6103,1.0
6105,0.0
6107,1.0
6109,2.0
6111,2.0
6113,2.0
6115,0.0
6117,1.0
6119,0.0
6121,2.0
6123,0.0
6125,1.0
6127,0.0
6129,0.0
6131,1.0
6133,0.0
6135,1.0
6137,0.0
6139,2.0
6141,2.0
6143,2.0
6145,2.0
6147,2.0
6149,0.0
6151,0.0
6153,1.0
6155,0.0
6157,1.0
6159,0.0
6161,2.0
6163,0.0
6165,1.0
6167,1.0
6169,0.0
6171,2.0
6173,1.0
6175,0.0
6177,1.0
6179,1.0
6181,1.0
6183,0.0
6185,0.0
6187,0.0
6189,0.0
6191,0.0
6193,1.0
6195,1.0
6197,1.0
6199,1.0
6201,2.0
6203,0.0
6205,2.0
6207,4.0
6209,0.0
6211,0.0
6213,2.0
6215,1.0
6217,0.0
6219,1.0
6221,1.0
6223,1.0
6225,2.0
6227,2.0
6229,1.0
6231,0.0
6233,0.0
6235,2.0
6237,2.0
6239,1.0
6241,0.0
6243,1.0
6245,0.0
6247,2.0
6249,0.0
6251,2.0
6253,0.0
6255,0.0
6257,1.0
6259,2.0
6261,1.0
6263,1.0
6265,0.0
6267,0.0
6269,1.0
6271,1.0
6273,1.0
6275,1.0
6277,0.0
6279,0.0
6281,2.0
6283,4.0
6285,2.0
6287,0.0
6289,2.0
6291,0.0
6293,2.0
6295,2.0
6297,1.0
6299,1.0
6301,2.0
6303,2.0
6305,2.0
6307,1.0
6309,1.0
6311,0.0
6313,0.0
6315,2.0
6317,2.0
6319,1.0
6321,1.0
6323,2.0
6325,0.0
6327,0.0
6329,0.0
6331,0.0
6333,0.0
6335,1.0
6337,2.0
6339,0.0
6341,4.0
6343,0.0
6345,0.0
6347,1.0
6349,0.0
6351,1.0
6353,1.0
6355,1.0
6357,1.0
6359,0.0
6361,0.0
6363,0.0
6365,0.0
6367,0.0
6369,0.0
6371,0.0
6373,0.0
6375,0.0
6377,0.0
6379,0.0
6381,4.0
6383,0.0
6385,4.0
6387,1.0
6389,2.0
6391,1.0
6393,2.0
6395,0.0
6397,1.0
6399,2.0
6401,0.0
6403,1.0
6405,4.0
6407,2.0
6409,2.0
6411,1.0
6413,0.0
6415,0.0
6417,1.0
6419,1.0
6421,0.0
6423,0.0
6425,5.0
6427,1.0
6429,2.0
6431,2.0
6433,0.0
6435,1.0
6437,0.0
6439,0.0
6441,2.0
6443,2.0
6445,0.0
6447,2.0
6449,0.0
6451,0.0
6453,2.0
6455,2.0
6457,2.0
6459,1.0
6461,1.0
6463,1.0
6465,1.0
6467,2.0
6469,2.0
6471,2.0
6473,0.0
6475,1.0
6477,1.0
6479,0.0
6481,4.0
6483,0.0
6485,1.0
6487,0.0
6489,0.0
6491,2.0
6493,0.0
6495,1.0
6497,1.0
6499,2.0
6501,0.0
6503,1.0
6505,1.0
6507,1.0
6509,0.0
6511,0.0
6513,1.0
6515,0.0
6517,2.0
6519,0.0
6521,2.0
6523,0.0
6525,1.0
6527,1.0
6529,0.0
6531,1.0
6533,0.0
6535,2.0
6537,1.0
6539,1.0
6541,0.0
6543,0.0
6545,1.0
6547,2.0
6549,1.0
6551,1.0
6553,1.0
6555,2.0
6557,0.0
6559,0.0
6561,2.0
6563,0.0
6565,0.0
6567,0.0
6569,1.0
6571,4.0
6573,0.0
6575,0.0
6577,0.0
6579,2.0
6581,1.0
6583,0.0
6585,0.0
6587,0.0
6589,2.0
6591,4.0
6593,1.0
6595,1.0
6597,2.0
6599,1.0
6601,1.0
6603,0.0
6605,1.0
6607,0.0
6609,1.0
6611,1.0
6613,2.0
6615,0.0
6617,0.0
6619,0.0
6621,1.0
6623,0.0
6625,1.0
6627,1.0
6629,0.0
6631,0.0
6633,1.0
